#,Menu Sprite,Pokémon,Exp.,HP,Attack,Defense,Sp. Attack,Sp. Defense,Speed,Total EVs
1,,Bulbasaur,64,0,0,0,1,0,0,1
2,,Ivysaur,142,0,0,0,1,1,0,2
3,,Venusaur,236,0,0,0,2,1,0,3
003M,,Venusaur (Mega Venusaur),281,0,0,0,2,1,0,3
4,,Charmander,62,0,0,0,0,0,1,1
5,,Charmeleon,142,0,0,0,1,0,1,2
6,,Charizard,240,0,0,0,3,0,0,3
006MX,,Charizard (Mega Charizard X),285,0,0,0,3,0,0,3
006MY,,Charizard (Mega Charizard Y),285,0,0,0,3,0,0,3
7,,Squirtle,63,0,0,1,0,0,0,1
8,,Wartortle,142,0,0,1,0,1,0,2
9,,Blastoise,239,0,0,0,0,3,0,3
009M,,Blastoise (Mega Blastoise),284,0,0,0,0,3,0,3
10,,Caterpie,39,1,0,0,0,0,0,1
11,,Metapod,72,0,0,2,0,0,0,2
12,,Butterfree,178,0,0,0,2,1,0,3
13,,Weedle,39,0,0,0,0,0,1,1
14,,Kakuna,72,0,0,2,0,0,0,2
15,,Beedrill,178,0,2,0,0,1,0,3
015M,,Beedrill (Mega Beedrill),223,0,2,0,0,1,0,3
16,,Pidgey,50,0,0,0,0,0,1,1
17,,Pidgeotto,122,0,0,0,0,0,2,2
18,,Pidgeot,216,0,0,0,0,0,3,3
018M,,Pidgeot (Mega Pidgeot),261,0,0,0,0,0,3,3
19,,Rattata,51,0,0,0,0,0,1,1
20,,Raticate,145,0,0,0,0,0,2,2
21,,Spearow,52,0,0,0,0,0,1,1
22,,Fearow,155,0,0,0,0,0,2,2
23,,Ekans,58,0,1,0,0,0,0,1
24,,Arbok,157,0,2,0,0,0,0,2
25,,Pikachu,112,0,0,0,0,0,2,2
26,,Raichu,218,0,0,0,0,0,3,3
27,,Sandshrew,60,0,0,1,0,0,0,1
28,,Sandslash,158,0,0,2,0,0,0,2
29,,Nidoran♀,55,1,0,0,0,0,0,1
30,,Nidorina,128,2,0,0,0,0,0,2
31,,Nidoqueen,227,3,0,0,0,0,0,3
32,,Nidoran♂,55,0,1,0,0,0,0,1
33,,Nidorino,128,0,2,0,0,0,0,2
34,,Nidoking,227,0,3,0,0,0,0,3
35,,Clefairy,113,2,0,0,0,0,0,2
36,,Clefable,217,3,0,0,0,0,0,3
37,,Vulpix,60,0,0,0,0,0,1,1
38,,Ninetales,177,0,0,0,0,1,1,2
038A,,Ninetales (Alola Form),177,0,0,0,0,0,2,2
39,,Jigglypuff,95,2,0,0,0,0,0,2
40,,Wigglytuff,196,3,0,0,0,0,0,3
41,,Zubat,49,0,0,0,0,0,1,1
42,,Golbat,159,0,0,0,0,0,2,2
43,,Oddish,64,0,0,0,1,0,0,1
44,,Gloom,138,0,0,0,2,0,0,2
45,,Vileplume,221,0,0,0,3,0,0,3
46,,Paras,57,0,1,0,0,0,0,1
47,,Parasect,142,0,2,1,0,0,0,3
48,,Venonat,61,0,0,0,0,1,0,1
49,,Venomoth,158,0,0,0,1,0,1,2
50,,Diglett,53,0,0,0,0,0,1,1
51,,Dugtrio,149,0,0,0,0,0,2,2
051A,,Dugtrio (Alola Form),149,0,2,0,0,0,0,2
52,,Meowth,58,0,0,0,0,0,1,1
53,,Persian,154,0,0,0,0,0,2,2
54,,Psyduck,64,0,0,0,1,0,0,1
55,,Golduck,175,0,0,0,2,0,0,2
56,,Mankey,61,0,1,0,0,0,0,1
57,,Primeape,159,0,2,0,0,0,0,2
58,,Growlithe,70,0,1,0,0,0,0,1
59,,Arcanine,194,0,2,0,0,0,0,2
60,,Poliwag,60,0,0,0,0,0,1,1
61,,Poliwhirl,135,0,0,0,0,0,2,2
62,,Poliwrath,230,0,0,3,0,0,0,3
63,,Abra,62,0,0,0,1,0,0,1
64,,Kadabra,140,0,0,0,2,0,0,2
65,,Alakazam,225,0,0,0,3,0,0,3
065M,,Alakazam (Mega Alakazam),270,0,0,0,3,0,0,3
66,,Machop,61,0,1,0,0,0,0,1
67,,Machoke,142,0,2,0,0,0,0,2
68,,Machamp,227,0,3,0,0,0,0,3
69,,Bellsprout,60,0,1,0,0,0,0,1
70,,Weepinbell,137,0,2,0,0,0,0,2
71,,Victreebel,221,0,3,0,0,0,0,3
72,,Tentacool,67,0,0,0,0,1,0,1
73,,Tentacruel,180,0,0,0,0,2,0,2
74,,Geodude,60,0,0,1,0,0,0,1
75,,Graveler,137,0,0,2,0,0,0,2
76,,Golem,223,0,0,3,0,0,0,3
77,,Ponyta,82,0,0,0,0,0,1,1
78,,Rapidash,175,0,0,0,0,0,2,2
79,,Slowpoke,63,1,0,0,0,0,0,1
80,,Slowbro,172,0,0,2,0,0,0,2
080M,,Slowbro (Mega Slowbro),207,0,0,2,0,0,0,2
81,,Magnemite,65,0,0,0,1,0,0,1
82,,Magneton,163,0,0,0,2,0,0,2
83,,Farfetch'd,132,0,1,0,0,0,0,1
84,,Doduo,62,0,1,0,0,0,0,1
85,,Dodrio,165,0,2,0,0,0,0,2
86,,Seel,65,0,0,0,0,1,0,1
87,,Dewgong,166,0,0,0,0,2,0,2
88,,Grimer,65,1,0,0,0,0,0,1
89,,Muk,175,1,1,0,0,0,0,2
90,,Shellder,61,0,0,1,0,0,0,1
91,,Cloyster,184,0,0,2,0,0,0,2
92,,Gastly,62,0,0,0,1,0,0,1
93,,Haunter,142,0,0,0,2,0,0,2
94,,Gengar,225,0,0,0,3,0,0,3
094M,,Gengar (Mega Gengar),270,0,0,0,3,0,0,3
95,,Onix,77,0,0,1,0,0,0,1
96,,Drowzee,66,0,0,0,0,1,0,1
97,,Hypno,169,0,0,0,0,2,0,2
98,,Krabby,65,0,1,0,0,0,0,1
99,,Kingler,166,0,2,0,0,0,0,2
100,,Voltorb,66,0,0,0,0,0,1,1
101,,Electrode,172,0,0,0,0,0,2,2
102,,Exeggcute,65,0,0,1,0,0,0,1
103,,Exeggutor,186,0,0,0,2,0,0,2
104,,Cubone,64,0,0,1,0,0,0,1
105,,Marowak,149,0,0,2,0,0,0,2
106,,Hitmonlee,159,0,2,0,0,0,0,2
107,,Hitmonchan,159,0,0,0,0,2,0,2
108,,Lickitung,77,2,0,0,0,0,0,2
109,,Koffing,68,0,0,1,0,0,0,1
110,,Weezing,172,0,0,2,0,0,0,2
111,,Rhyhorn,69,0,0,1,0,0,0,1
112,,Rhydon,170,0,2,0,0,0,0,2
113,,Chansey,395,2,0,0,0,0,0,2
114,,Tangela,87,0,0,1,0,0,0,1
115,,Kangaskhan,172,2,0,0,0,0,0,2
115M,,Kangaskhan (Mega Kangaskhan),207,2,0,0,0,0,0,2
116,,Horsea,59,0,0,0,1,0,0,1
117,,Seadra,154,0,0,1,1,0,0,2
118,,Goldeen,64,0,1,0,0,0,0,1
119,,Seaking,158,0,2,0,0,0,0,2
120,,Staryu,68,0,0,0,0,0,1,1
121,,Starmie,182,0,0,0,0,0,2,2
122,,Mr. Mime,161,0,0,0,0,2,0,2
123,,Scyther,100,0,1,0,0,0,0,1
124,,Jynx,159,0,0,0,2,0,0,2
125,,Electabuzz,172,0,0,0,0,0,2,2
126,,Magmar,173,0,0,0,2,0,0,2
127,,Pinsir,175,0,2,0,0,0,0,2
127M,,Pinsir (Mega Pinsir),210,0,2,0,0,0,0,2
128,,Tauros,172,0,1,0,0,0,1,2
129,,Magikarp,40,0,0,0,0,0,1,1
130,,Gyarados,189,0,2,0,0,0,0,2
130M,,Gyarados (Mega Gyarados),224,0,2,0,0,0,0,2
131,,Lapras,187,2,0,0,0,0,0,2
132,,Ditto,101,1,0,0,0,0,0,1
133,,Eevee,65,0,0,0,0,1,0,1
134,,Vaporeon,184,2,0,0,0,0,0,2
135,,Jolteon,184,0,0,0,0,0,2,2
136,,Flareon,184,0,2,0,0,0,0,2
137,,Porygon,79,0,0,0,1,0,0,1
138,,Omanyte,71,0,0,1,0,0,0,1
139,,Omastar,173,0,0,2,0,0,0,2
140,,Kabuto,71,0,0,1,0,0,0,1
141,,Kabutops,173,0,2,0,0,0,0,2
142,,Aerodactyl,180,0,0,0,0,0,2,2
142M,,Aerodactyl (Mega Aerodactyl),215,0,0,0,0,0,2,2
143,,Snorlax,189,2,0,0,0,0,0,2
144,,Articuno,261,0,0,0,0,3,0,3
145,,Zapdos,261,0,0,0,3,0,0,3
146,,Moltres,261,0,0,0,3,0,0,3
147,,Dratini,60,0,1,0,0,0,0,1
148,,Dragonair,147,0,2,0,0,0,0,2
149,,Dragonite,270,0,3,0,0,0,0,3
150,,Mewtwo,306,0,0,0,3,0,0,3
150MX,,Mewtwo (Mega Mewtwo X),351,0,0,0,3,0,0,3
150MY,,Mewtwo (Mega Mewtwo Y),351,0,0,0,3,0,0,3
151,,Mew,270,3,0,0,0,0,0,3
152,,Chikorita,64,0,0,0,0,1,0,1
153,,Bayleef,142,0,0,1,0,1,0,2
154,,Meganium,236,0,0,1,0,2,0,3
155,,Cyndaquil,62,0,0,0,0,0,1,1
156,,Quilava,142,0,0,0,1,0,1,2
157,,Typhlosion,240,0,0,0,3,0,0,3
158,,Totodile,63,0,1,0,0,0,0,1
159,,Croconaw,142,0,1,1,0,0,0,2
160,,Feraligatr,239,0,2,1,0,0,0,3
161,,Sentret,43,0,1,0,0,0,0,1
162,,Furret,145,0,0,0,0,0,2,2
163,,Hoothoot,52,1,0,0,0,0,0,1
164,,Noctowl,158,2,0,0,0,0,0,2
165,,Ledyba,53,0,0,0,0,1,0,1
166,,Ledian,137,0,0,0,0,2,0,2
167,,Spinarak,50,0,1,0,0,0,0,1
168,,Ariados,140,0,2,0,0,0,0,2
169,,Crobat,241,0,0,0,0,0,3,3
170,,Chinchou,66,1,0,0,0,0,0,1
171,,Lanturn,161,2,0,0,0,0,0,2
172,,Pichu,41,0,0,0,0,0,1,1
173,,Cleffa,44,0,0,0,0,1,0,1
174,,Igglybuff,42,1,0,0,0,0,0,1
175,,Togepi,49,0,0,0,0,1,0,1
176,,Togetic,142,0,0,0,0,2,0,2
177,,Natu,64,0,0,0,1,0,0,1
178,,Xatu,165,0,0,0,1,0,1,2
179,,Mareep,56,0,0,0,1,0,0,1
180,,Flaaffy,128,0,0,0,2,0,0,2
181,,Ampharos,230,0,0,0,3,0,0,3
181M,,Ampharos (Mega Ampharos),275,0,0,0,3,0,0,3
182,,Bellossom,221,0,0,0,0,3,0,3
183,,Marill,88,2,0,0,0,0,0,2
184,,Azumarill,189,3,0,0,0,0,0,3
185,,Sudowoodo,144,0,0,2,0,0,0,2
186,,Politoed,225,0,0,0,0,3,0,3
187,,Hoppip,50,0,0,0,0,1,0,1
188,,Skiploom,119,0,0,0,0,0,2,2
189,,Jumpluff,207,0,0,0,0,0,3,3
190,,Aipom,72,0,0,0,0,0,1,1
191,,Sunkern,36,0,0,0,1,0,0,1
192,,Sunflora,149,0,0,0,2,0,0,2
193,,Yanma,78,0,0,0,0,0,1,1
194,,Wooper,42,1,0,0,0,0,0,1
195,,Quagsire,151,2,0,0,0,0,0,2
196,,Espeon,184,0,0,0,2,0,0,2
197,,Umbreon,184,0,0,0,0,2,0,2
198,,Murkrow,81,0,0,0,0,0,1,1
199,,Slowking,172,0,0,0,0,3,0,3
200,,Misdreavus,87,0,0,0,0,1,0,1
201,,Unown,118,0,1,0,1,0,0,2
202,,Wobbuffet,142,2,0,0,0,0,0,2
203,,Girafarig,159,0,0,0,2,0,0,2
204,,Pineco,58,0,0,1,0,0,0,1
205,,Forretress,163,0,0,2,0,0,0,2
206,,Dunsparce,145,1,0,0,0,0,0,1
207,,Gligar,86,0,0,1,0,0,0,1
208,,Steelix,179,0,0,2,0,0,0,2
208M,,Steelix (Mega Steelix),214,0,0,2,0,0,0,2
209,,Snubbull,60,0,1,0,0,0,0,1
210,,Granbull,158,0,2,0,0,0,0,2
211,,Qwilfish,88,0,1,0,0,0,0,1
212,,Scizor,175,0,2,0,0,0,0,2
212M,,Scizor (Mega Scizor),210,0,2,0,0,0,0,2
213,,Shuckle,177,0,0,1,0,1,0,2
214,,Heracross,175,0,2,0,0,0,0,2
214M,,Heracross (Mega Heracross),210,0,2,0,0,0,0,2
215,,Sneasel,86,0,0,0,0,0,1,1
216,,Teddiursa,66,0,1,0,0,0,0,1
217,,Ursaring,175,0,2,0,0,0,0,2
218,,Slugma,50,0,0,0,1,0,0,1
219,,Magcargo,151,0,0,2,0,0,0,2
220,,Swinub,50,0,1,0,0,0,0,1
221,,Piloswine,158,1,1,0,0,0,0,2
222,,Corsola,144,0,0,1,0,1,0,2
223,,Remoraid,60,0,0,0,1,0,0,1
224,,Octillery,168,0,1,0,1,0,0,2
225,,Delibird,116,0,0,0,0,0,1,1
226,,Mantine,170,0,0,0,0,2,0,2
227,,Skarmory,163,0,0,2,0,0,0,2
228,,Houndour,66,0,0,0,1,0,0,1
229,,Houndoom,175,0,0,0,2,0,0,2
229M,,Houndoom (Mega Houndoom),210,0,0,0,2,0,0,2
230,,Kingdra,243,0,1,0,1,1,0,3
231,,Phanpy,66,1,0,0,0,0,0,1
232,,Donphan,175,0,1,1,0,0,0,2
233,,Porygon2,180,0,0,0,2,0,0,2
234,,Stantler,163,0,1,0,0,0,0,1
235,,Smeargle,88,0,0,0,0,0,1,1
236,,Tyrogue,42,0,1,0,0,0,0,1
237,,Hitmontop,159,0,0,0,0,2,0,2
238,,Smoochum,61,0,0,0,1,0,0,1
239,,Elekid,72,0,0,0,0,0,1,1
240,,Magby,73,0,0,0,0,0,1,1
241,,Miltank,172,0,0,2,0,0,0,2
242,,Blissey,608,3,0,0,0,0,0,3
243,,Raikou,261,0,0,0,1,0,2,3
244,,Entei,261,1,2,0,0,0,0,3
245,,Suicune,261,0,0,1,0,2,0,3
246,,Larvitar,60,0,1,0,0,0,0,1
247,,Pupitar,144,0,2,0,0,0,0,2
248,,Tyranitar,270,0,3,0,0,0,0,3
248M,,Tyranitar (Mega Tyranitar),315,0,3,0,0,0,0,3
249,,Lugia,306,0,0,0,0,3,0,3
250,,Ho-Oh,306,0,0,0,0,3,0,3
251,,Celebi,270,3,0,0,0,0,0,3
252,,Treecko,62,0,0,0,0,0,1,1
253,,Grovyle,142,0,0,0,0,0,2,2
254,,Sceptile,239,0,0,0,0,0,3,3
254M,,Sceptile (Mega Sceptile),284,0,0,0,0,0,3,3
255,,Torchic,62,0,0,0,1,0,0,1
256,,Combusken,142,0,1,0,1,0,0,2
257,,Blaziken,239,0,3,0,0,0,0,3
257M,,Blaziken (Mega Blaziken),284,0,3,0,0,0,0,3
258,,Mudkip,62,0,1,0,0,0,0,1
259,,Marshtomp,142,0,2,0,0,0,0,2
260,,Swampert,241,0,3,0,0,0,0,3
260M,,Swampert (Mega Swampert),286,0,3,0,0,0,0,3
261,,Poochyena,56,0,1,0,0,0,0,1
262,,Mightyena,147,0,2,0,0,0,0,2
263,,Zigzagoon,56,0,0,0,0,0,1,1
264,,Linoone,147,0,0,0,0,0,2,2
265,,Wurmple,56,1,0,0,0,0,0,1
266,,Silcoon,72,0,0,2,0,0,0,2
267,,Beautifly,178,0,0,0,3,0,0,3
268,,Cascoon,72,0,0,2,0,0,0,2
269,,Dustox,173,0,0,0,0,3,0,3
270,,Lotad,44,0,0,0,0,1,0,1
271,,Lombre,119,0,0,0,0,2,0,2
272,,Ludicolo,216,0,0,0,0,3,0,3
273,,Seedot,44,0,0,1,0,0,0,1
274,,Nuzleaf,119,0,2,0,0,0,0,2
275,,Shiftry,216,0,3,0,0,0,0,3
276,,Taillow,54,0,0,0,0,0,1,1
277,,Swellow,159,0,0,0,0,0,2,2
278,,Wingull,54,0,0,0,0,0,1,1
279,,Pelipper,154,0,0,2,0,0,0,2
280,,Ralts,40,0,0,0,1,0,0,1
281,,Kirlia,97,0,0,0,2,0,0,2
282,,Gardevoir,233,0,0,0,3,0,0,3
282M,,Gardevoir (Mega Gardevoir),278,0,0,0,3,0,0,3
283,,Surskit,54,0,0,0,0,0,1,1
284,,Masquerain,159,0,0,0,1,1,0,2
285,,Shroomish,59,1,0,0,0,0,0,1
286,,Breloom,161,0,2,0,0,0,0,2
287,,Slakoth,56,1,0,0,0,0,0,1
288,,Vigoroth,154,0,0,0,0,0,2,2
289,,Slaking,252,3,0,0,0,0,0,3
290,,Nincada,53,0,0,1,0,0,0,1
291,,Ninjask,160,0,0,0,0,0,2,2
292,,Shedinja,83,2,0,0,0,0,0,2
293,,Whismur,48,1,0,0,0,0,0,1
294,,Loudred,126,2,0,0,0,0,0,2
295,,Exploud,221,3,0,0,0,0,0,3
296,,Makuhita,47,1,0,0,0,0,0,1
297,,Hariyama,166,2,0,0,0,0,0,2
298,,Azurill,38,1,0,0,0,0,0,1
299,,Nosepass,75,0,0,1,0,0,0,1
300,,Skitty,52,0,0,0,0,0,1,1
301,,Delcatty,140,1,0,0,0,0,1,2
302,,Sableye,133,0,1,1,0,0,0,2
302M,,Sableye (Mega Sableye),168,0,1,1,0,0,0,2
303,,Mawile,133,0,1,1,0,0,0,2
303M,,Mawile (Mega Mawile),168,0,1,1,0,0,0,2
304,,Aron,66,0,0,1,0,0,0,1
305,,Lairon,151,0,0,2,0,0,0,2
306,,Aggron,239,0,0,3,0,0,0,3
306M,,Aggron (Mega Aggron),284,0,0,3,0,0,0,3
307,,Meditite,56,0,0,0,0,0,1,1
308,,Medicham,144,0,0,0,0,0,2,2
308M,,Medicham (Mega Medicham),179,0,0,0,0,0,2,2
309,,Electrike,59,0,0,0,0,0,1,1
310,,Manectric,166,0,0,0,0,0,2,2
310M,,Manectric (Mega Manectric),201,0,0,0,0,0,2,2
311,,Plusle,142,0,0,0,0,0,1,1
312,,Minun,142,0,0,0,0,0,1,1
313,,Volbeat,151,0,0,0,0,0,1,1
314,,Illumise,151,0,0,0,0,0,1,1
315,,Roselia,140,0,0,0,2,0,0,2
316,,Gulpin,60,1,0,0,0,0,0,1
317,,Swalot,163,2,0,0,0,0,0,2
318,,Carvanha,61,0,1,0,0,0,0,1
319,,Sharpedo,161,0,2,0,0,0,0,2
319M,,Sharpedo (Mega Sharpedo),196,0,2,0,0,0,0,2
320,,Wailmer,80,1,0,0,0,0,0,1
321,,Wailord,175,2,0,0,0,0,0,2
322,,Numel,61,0,0,0,1,0,0,1
323,,Camerupt,161,0,1,0,1,0,0,2
323M,,Camerupt (Mega Camerupt),196,0,1,0,1,0,0,2
324,,Torkoal,165,0,0,2,0,0,0,2
325,,Spoink,66,0,0,0,0,1,0,1
326,,Grumpig,165,0,0,0,0,2,0,2
327,,Spinda,126,0,0,0,1,0,0,1
328,,Trapinch,58,0,1,0,0,0,0,1
329,,Vibrava,119,0,1,0,0,0,1,2
330,,Flygon,234,0,1,0,0,0,2,3
331,,Cacnea,67,0,0,0,1,0,0,1
332,,Cacturne,166,0,1,0,1,0,0,2
333,,Swablu,62,0,0,0,0,1,0,1
334,,Altaria,172,0,0,0,0,2,0,2
334M,,Altaria (Mega Altaria),207,0,0,0,0,2,0,2
335,,Zangoose,160,0,2,0,0,0,0,2
336,,Seviper,160,0,1,0,1,0,0,2
337,,Lunatone,161,0,0,0,2,0,0,2
338,,Solrock,161,0,2,0,0,0,0,2
339,,Barboach,58,1,0,0,0,0,0,1
340,,Whiscash,164,2,0,0,0,0,0,2
341,,Corphish,62,0,1,0,0,0,0,1
342,,Crawdaunt,164,0,2,0,0,0,0,2
343,,Baltoy,60,0,0,0,0,1,0,1
344,,Claydol,175,0,0,0,0,2,0,2
345,,Lileep,71,0,0,0,0,1,0,1
346,,Cradily,173,0,0,0,0,2,0,2
347,,Anorith,71,0,1,0,0,0,0,1
348,,Armaldo,173,0,2,0,0,0,0,2
349,,Feebas,40,0,0,0,0,0,1,1
350,,Milotic,189,0,0,0,0,2,0,2
351,,Castform,147,1,0,0,0,0,0,1
352,,Kecleon,154,0,0,0,0,1,0,1
353,,Shuppet,59,0,1,0,0,0,0,1
354,,Banette,159,0,2,0,0,0,0,2
354M,,Banette (Mega Banette),194,0,2,0,0,0,0,2
355,,Duskull,59,0,0,0,0,1,0,1
356,,Dusclops,159,0,0,1,0,1,0,2
357,,Tropius,161,2,0,0,0,0,0,2
358,,Chimecho,159,0,0,0,1,1,0,2
359,,Absol,163,0,2,0,0,0,0,2
359M,,Absol (Mega Absol),198,0,2,0,0,0,0,2
360,,Wynaut,52,1,0,0,0,0,0,1
361,,Snorunt,60,1,0,0,0,0,0,1
362,,Glalie,168,2,0,0,0,0,0,2
362M,,Glalie (Mega Glalie),203,2,0,0,0,0,0,2
363,,Spheal,58,1,0,0,0,0,0,1
364,,Sealeo,144,2,0,0,0,0,0,2
365,,Walrein,239,3,0,0,0,0,0,3
366,,Clamperl,69,0,0,1,0,0,0,1
367,,Huntail,170,0,1,1,0,0,0,2
368,,Gorebyss,170,0,0,0,2,0,0,2
369,,Relicanth,170,1,0,1,0,0,0,2
370,,Luvdisc,116,0,0,0,0,0,1,1
371,,Bagon,60,0,1,0,0,0,0,1
372,,Shelgon,147,0,0,2,0,0,0,2
373,,Salamence,270,0,3,0,0,0,0,3
373M,,Salamence (Mega Salamence),315,0,3,0,0,0,0,3
374,,Beldum,60,0,0,1,0,0,0,1
375,,Metang,147,0,0,2,0,0,0,2
376,,Metagross,270,0,0,3,0,0,0,3
376M,,Metagross (Mega Metagross),315,0,0,3,0,0,0,3
377,,Regirock,261,0,0,3,0,0,0,3
378,,Regice,261,0,0,0,0,3,0,3
379,,Registeel,261,0,0,2,0,1,0,3
380,,Latias,270,0,0,0,0,3,0,3
380M,,Latias (Mega Latias),315,0,0,0,0,3,0,3
381,,Latios,270,0,0,0,3,0,0,3
381M,,Latios (Mega Latios),315,0,0,0,3,0,0,3
382,,Kyogre,302,0,0,0,3,0,0,3
382P,,Kyogre (Primal Reversion),347,0,0,0,3,0,0,3
383,,Groudon,302,0,3,0,0,0,0,3
383P,,Groudon (Primal Reversion),347,0,3,0,0,0,0,3
384,,Rayquaza,306,0,2,0,1,0,0,3
384M,,Rayquaza (Mega Rayquaza),351,0,2,0,1,0,0,3
385,,Jirachi,270,3,0,0,0,0,0,3
386,,Deoxys (Normal Forme),270,0,1,0,1,0,1,3
386,,Deoxys (Attack Forme),270,0,2,0,1,0,0,3
386,,Deoxys (Defense Forme),270,0,0,2,0,1,0,3
386,,Deoxys (Speed Forme),270,0,0,0,0,0,3,3
387,,Turtwig,64,0,1,0,0,0,0,1
388,,Grotle,142,0,1,1,0,0,0,2
389,,Torterra,236,0,2,1,0,0,0,3
390,,Chimchar,62,0,0,0,0,0,1,1
391,,Monferno,142,0,0,0,1,0,1,2
392,,Infernape,240,0,1,0,1,0,1,3
393,,Piplup,63,0,0,0,1,0,0,1
394,,Prinplup,142,0,0,0,2,0,0,2
395,,Empoleon,239,0,0,0,3,0,0,3
396,,Starly,49,0,0,0,0,0,1,1
397,,Staravia,119,0,0,0,0,0,2,2
398,,Staraptor,218,0,3,0,0,0,0,3
399,,Bidoof,50,1,0,0,0,0,0,1
400,,Bibarel,144,0,2,0,0,0,0,2
401,,Kricketot,39,0,0,1,0,0,0,1
402,,Kricketune,134,0,2,0,0,0,0,2
403,,Shinx,53,0,1,0,0,0,0,1
404,,Luxio,127,0,2,0,0,0,0,2
405,,Luxray,235,0,3,0,0,0,0,3
406,,Budew,56,0,0,0,1,0,0,1
407,,Roserade,232,0,0,0,3,0,0,3
408,,Cranidos,70,0,1,0,0,0,0,1
409,,Rampardos,173,0,2,0,0,0,0,2
410,,Shieldon,70,0,0,1,0,0,0,1
411,,Bastiodon,173,0,0,2,0,0,0,2
412,,Burmy,45,0,0,0,0,1,0,1
413,,Wormadam (Plant Cloak),148,0,0,0,0,2,0,2
413,,Wormadam (Sandy Cloak),148,0,0,2,0,0,0,2
413,,Wormadam (Trash Cloak),148,0,0,1,0,1,0,2
414,,Mothim,148,0,1,0,1,0,0,2
415,,Combee,49,0,0,0,0,0,1,1
416,,Vespiquen,166,0,0,1,0,1,0,2
417,,Pachirisu,142,0,0,0,0,0,1,1
418,,Buizel,66,0,0,0,0,0,1,1
419,,Floatzel,173,0,0,0,0,0,2,2
420,,Cherubi,55,0,0,0,1,0,0,1
421,,Cherrim,158,0,0,0,2,0,0,2
422,,Shellos,65,1,0,0,0,0,0,1
423,,Gastrodon,166,2,0,0,0,0,0,2
424,,Ambipom,169,0,0,0,0,0,2,2
425,,Drifloon,70,1,0,0,0,0,0,1
426,,Drifblim,174,2,0,0,0,0,0,2
427,,Buneary,70,0,0,0,0,0,1,1
428,,Lopunny,168,0,0,0,0,0,2,2
428M,,Lopunny (Mega Lopunny),203,0,0,0,0,0,2,2
429,,Mismagius,173,0,0,0,1,1,0,2
430,,Honchkrow,177,0,2,0,0,0,0,2
431,,Glameow,62,0,0,0,0,0,1,1
432,,Purugly,158,0,0,0,0,0,2,2
433,,Chingling,57,0,0,0,1,0,0,1
434,,Stunky,66,0,0,0,0,0,1,1
435,,Skuntank,168,2,0,0,0,0,0,2
436,,Bronzor,60,0,0,1,0,0,0,1
437,,Bronzong,175,0,0,1,0,1,0,2
438,,Bonsly,58,0,0,1,0,0,0,1
439,,Mime Jr.,62,0,0,0,0,1,0,1
440,,Happiny,110,1,0,0,0,0,0,1
441,,Chatot,144,0,1,0,0,0,0,1
442,,Spiritomb,170,0,0,1,0,1,0,2
443,,Gible,60,0,1,0,0,0,0,1
444,,Gabite,144,0,2,0,0,0,0,2
445,,Garchomp,270,0,3,0,0,0,0,3
445M,,Garchomp (Mega Garchomp),315,0,3,0,0,0,0,3
446,,Munchlax,78,1,0,0,0,0,0,1
447,,Riolu,57,0,1,0,0,0,0,1
448,,Lucario,184,0,1,0,1,0,0,2
448M,,Lucario (Mega Lucario),219,0,1,0,1,0,0,2
449,,Hippopotas,66,0,0,1,0,0,0,1
450,,Hippowdon,184,0,0,2,0,0,0,2
451,,Skorupi,66,0,0,1,0,0,0,1
452,,Drapion,175,0,0,2,0,0,0,2
453,,Croagunk,60,0,1,0,0,0,0,1
454,,Toxicroak,172,0,2,0,0,0,0,2
455,,Carnivine,159,0,2,0,0,0,0,2
456,,Finneon,66,0,0,0,0,0,1,1
457,,Lumineon,161,0,0,0,0,0,2,2
458,,Mantyke,69,0,0,0,0,1,0,1
459,,Snover,67,0,1,0,0,0,0,1
460,,Abomasnow,173,0,1,0,1,0,0,2
460M,,Abomasnow (Mega Abomasnow),208,0,1,0,1,0,0,2
461,,Weavile,179,0,1,0,0,0,1,2
462,,Magnezone,241,0,0,0,3,0,0,3
463,,Lickilicky,180,3,0,0,0,0,0,3
464,,Rhyperior,241,0,3,0,0,0,0,3
465,,Tangrowth,187,0,0,2,0,0,0,2
466,,Electivire,243,0,3,0,0,0,0,3
467,,Magmortar,243,0,0,0,3,0,0,3
468,,Togekiss,245,0,0,0,2,1,0,3
469,,Yanmega,180,0,2,0,0,0,0,2
470,,Leafeon,184,0,0,2,0,0,0,2
471,,Glaceon,184,0,0,0,2,0,0,2
472,,Gliscor,179,0,0,2,0,0,0,2
473,,Mamoswine,239,0,3,0,0,0,0,3
474,,Porygon-Z,241,0,0,0,3,0,0,3
475,,Gallade,233,0,3,0,0,0,0,3
475M,,Gallade (Mega Gallade),278,0,3,0,0,0,0,3
476,,Probopass,184,0,0,1,0,2,0,3
477,,Dusknoir,236,0,0,1,0,2,0,3
478,,Froslass,168,0,0,0,0,0,2,2
479,,Rotom,154,0,0,0,1,0,1,2
479,,Rotom (Heat Rotom),182,0,0,0,1,0,1,2
479,,Rotom (Wash Rotom),182,0,0,0,1,0,1,2
479,,Rotom (Frost Rotom),182,0,0,0,1,0,1,2
479,,Rotom (Fan Rotom),182,0,0,0,1,0,1,2
479,,Rotom (Mow Rotom),182,0,0,0,1,0,1,2
480,,Uxie,261,0,0,2,0,1,0,3
481,,Mesprit,261,0,1,0,1,1,0,3
482,,Azelf,261,0,2,0,1,0,0,3
483,,Dialga,306,0,0,0,3,0,0,3
484,,Palkia,306,0,0,0,3,0,0,3
485,,Heatran,270,0,0,0,3,0,0,3
486,,Regigigas,302,0,3,0,0,0,0,3
487,,Giratina,306,3,0,0,0,0,0,3
488,,Cresselia,270,0,0,0,0,3,0,3
489,,Phione,216,1,0,0,0,0,0,1
490,,Manaphy,270,3,0,0,0,0,0,3
491,,Darkrai,270,0,0,0,2,0,1,3
492,,Shaymin (Land Forme),270,3,0,0,0,0,0,3
492,,Shaymin (Sky Forme),270,0,0,0,0,0,3,3
493,,Arceus,324,3,0,0,0,0,0,3
494,,Victini,270,3,0,0,0,0,0,3
495,,Snivy,62,0,0,0,0,0,1,1
496,,Servine,145,0,0,0,0,0,2,2
497,,Serperior,238,0,0,0,0,0,3,3
498,,Tepig,62,1,0,0,0,0,0,1
499,,Pignite,146,0,2,0,0,0,0,2
500,,Emboar,238,0,3,0,0,0,0,3
501,,Oshawott,62,0,0,0,1,0,0,1
502,,Dewott,145,0,0,0,2,0,0,2
503,,Samurott,238,0,0,0,3,0,0,3
504,,Patrat,51,0,1,0,0,0,0,1
505,,Watchog,147,0,2,0,0,0,0,2
506,,Lillipup,55,0,1,0,0,0,0,1
507,,Herdier,130,0,2,0,0,0,0,2
508,,Stoutland,225,0,3,0,0,0,0,3
509,,Purrloin,56,0,0,0,0,0,1,1
510,,Liepard,156,0,0,0,0,0,2,2
511,,Pansage,63,0,0,0,0,0,1,1
512,,Simisage,174,0,0,0,0,0,2,2
513,,Pansear,63,0,0,0,0,0,1,1
514,,Simisear,174,0,0,0,0,0,2,2
515,,Panpour,63,0,0,0,0,0,1,1
516,,Simipour,174,0,0,0,0,0,2,2
517,,Munna,58,1,0,0,0,0,0,1
518,,Musharna,170,2,0,0,0,0,0,2
519,,Pidove,53,0,1,0,0,0,0,1
520,,Tranquill,125,0,2,0,0,0,0,2
521,,Unfezant,220,0,3,0,0,0,0,3
522,,Blitzle,59,0,0,0,0,0,1,1
523,,Zebstrika,174,0,0,0,0,0,2,2
524,,Roggenrola,56,0,0,1,0,0,0,1
525,,Boldore,137,0,1,1,0,0,0,2
526,,Gigalith,232,0,3,0,0,0,0,3
527,,Woobat,65,0,0,0,0,0,1,1
528,,Swoobat,149,0,0,0,0,0,2,2
529,,Drilbur,66,0,1,0,0,0,0,1
530,,Excadrill,178,0,2,0,0,0,0,2
531,,Audino,390,2,0,0,0,0,0,2
531M,,Audino (Mega Audino),425,2,0,0,0,0,0,2
532,,Timburr,61,0,1,0,0,0,0,1
533,,Gurdurr,142,0,2,0,0,0,0,2
534,,Conkeldurr,227,0,3,0,0,0,0,3
535,,Tympole,59,0,0,0,0,0,1,1
536,,Palpitoad,134,2,0,0,0,0,0,2
537,,Seismitoad,229,3,0,0,0,0,0,3
538,,Throh,163,2,0,0,0,0,0,2
539,,Sawk,163,0,2,0,0,0,0,2
540,,Sewaddle,62,0,0,1,0,0,0,1
541,,Swadloon,133,0,0,2,0,0,0,2
542,,Leavanny,225,0,3,0,0,0,0,3
543,,Venipede,52,0,0,1,0,0,0,1
544,,Whirlipede,126,0,0,2,0,0,0,2
545,,Scolipede,218,0,0,0,0,0,3,3
546,,Cottonee,56,0,0,0,0,0,1,1
547,,Whimsicott,168,0,0,0,0,0,2,2
548,,Petilil,56,0,0,0,1,0,0,1
549,,Lilligant,168,0,0,0,2,0,0,2
550,,Basculin,161,0,0,0,0,0,2,2
551,,Sandile,58,0,1,0,0,0,0,1
552,,Krokorok,123,0,2,0,0,0,0,2
553,,Krookodile,234,0,3,0,0,0,0,3
554,,Darumaka,63,0,1,0,0,0,0,1
555,,Darmanitan (Standard Mode),168,0,2,0,0,0,0,2
555,,Darmanitan (Zen Mode),189,0,0,0,2,0,0,2
556,,Maractus,161,0,0,0,2,0,0,2
557,,Dwebble,65,0,0,1,0,0,0,1
558,,Crustle,170,0,0,2,0,0,0,2
559,,Scraggy,70,0,1,0,0,0,0,1
560,,Scrafty,171,0,0,1,0,1,0,2
561,,Sigilyph,172,0,0,0,2,0,0,2
562,,Yamask,61,0,0,1,0,0,0,1
563,,Cofagrigus,169,0,0,2,0,0,0,2
564,,Tirtouga,71,0,0,1,0,0,0,1
565,,Carracosta,173,0,0,2,0,0,0,2
566,,Archen,71,0,1,0,0,0,0,1
567,,Archeops,177,0,2,0,0,0,0,2
568,,Trubbish,66,0,0,0,0,0,1,1
569,,Garbodor,166,0,2,0,0,0,0,2
570,,Zorua,66,0,0,0,1,0,0,1
571,,Zoroark,179,0,0,0,2,0,0,2
572,,Minccino,60,0,0,0,0,0,1,1
573,,Cinccino,165,0,0,0,0,0,2,2
574,,Gothita,58,0,0,0,0,1,0,1
575,,Gothorita,137,0,0,0,0,2,0,2
576,,Gothitelle,221,0,0,0,0,3,0,3
577,,Solosis,58,0,0,0,1,0,0,1
578,,Duosion,130,0,0,0,2,0,0,2
579,,Reuniclus,221,0,0,0,3,0,0,3
580,,Ducklett,61,1,0,0,0,0,0,1
581,,Swanna,166,0,0,0,0,0,2,2
582,,Vanillite,61,0,0,0,1,0,0,1
583,,Vanillish,138,0,0,0,2,0,0,2
584,,Vanilluxe,241,0,0,0,3,0,0,3
585,,Deerling,67,0,0,0,0,0,1,1
586,,Sawsbuck,166,0,2,0,0,0,0,2
587,,Emolga,150,0,0,0,0,0,2,2
588,,Karrablast,63,0,1,0,0,0,0,1
589,,Escavalier,173,0,2,0,0,0,0,2
590,,Foongus,59,1,0,0,0,0,0,1
591,,Amoonguss,162,2,0,0,0,0,0,2
592,,Frillish,67,0,0,0,0,1,0,1
593,,Jellicent,168,0,0,0,0,2,0,2
594,,Alomomola,165,2,0,0,0,0,0,2
595,,Joltik,64,0,0,0,0,0,1,1
596,,Galvantula,165,0,0,0,0,0,2,2
597,,Ferroseed,61,0,0,1,0,0,0,1
598,,Ferrothorn,171,0,0,2,0,0,0,2
599,,Klink,60,0,0,1,0,0,0,1
600,,Klang,154,0,0,2,0,0,0,2
601,,Klinklang,234,0,0,3,0,0,0,3
602,,Tynamo,55,0,0,0,0,0,1,1
603,,Eelektrik,142,0,2,0,0,0,0,2
604,,Eelektross,232,0,3,0,0,0,0,3
605,,Elgyem,67,0,0,0,1,0,0,1
606,,Beheeyem,170,0,0,0,2,0,0,2
607,,Litwick,55,0,0,0,1,0,0,1
608,,Lampent,130,0,0,0,2,0,0,2
609,,Chandelure,234,0,0,0,3,0,0,3
610,,Axew,64,0,1,0,0,0,0,1
611,,Fraxure,144,0,2,0,0,0,0,2
612,,Haxorus,243,0,3,0,0,0,0,3
613,,Cubchoo,61,0,1,0,0,0,0,1
614,,Beartic,177,0,2,0,0,0,0,2
615,,Cryogonal,180,0,0,0,0,2,0,2
616,,Shelmet,61,0,0,1,0,0,0,1
617,,Accelgor,173,0,0,0,0,0,2,2
618,,Stunfisk,165,2,0,0,0,0,0,2
619,,Mienfoo,70,0,1,0,0,0,0,1
620,,Mienshao,179,0,2,0,0,0,0,2
621,,Druddigon,170,0,2,0,0,0,0,2
622,,Golett,61,0,1,0,0,0,0,1
623,,Golurk,169,0,2,0,0,0,0,2
624,,Pawniard,68,0,1,0,0,0,0,1
625,,Bisharp,172,0,2,0,0,0,0,2
626,,Bouffalant,172,0,2,0,0,0,0,2
627,,Rufflet,70,0,1,0,0,0,0,1
628,,Braviary,179,0,2,0,0,0,0,2
629,,Vullaby,74,0,0,1,0,0,0,1
630,,Mandibuzz,179,0,0,0,2,0,0,2
631,,Heatmor,169,0,0,0,2,0,0,2
632,,Durant,169,0,0,2,0,0,0,2
633,,Deino,60,0,1,0,0,0,0,1
634,,Zweilous,147,0,2,0,0,0,0,2
635,,Hydreigon,270,0,0,0,3,0,0,3
636,,Larvesta,72,0,1,0,0,0,0,1
637,,Volcarona,248,0,0,0,3,0,0,3
638,,Cobalion,261,0,0,3,0,0,0,3
639,,Terrakion,261,0,3,0,0,0,0,3
640,,Virizion,261,0,0,0,0,3,0,3
641,,Tornadus (Incarnate Forme),261,0,3,0,0,0,0,3
641,,Tornadus (Therian Forme),261,0,0,0,0,0,3,3
642,,Thundurus (Incarnate Forme),261,0,3,0,0,0,0,3
642,,Thundurus (Therian Forme),261,0,0,0,3,0,0,3
643,,Reshiram,306,0,0,0,3,0,0,3
644,,Zekrom,306,0,3,0,0,0,0,3
645,,Landorus (Incarnate Forme),270,0,0,0,3,0,0,3
645,,Landorus (Therian Forme),270,0,3,0,0,0,0,3
646,,Kyurem,297,1,1,0,1,0,0,3
646,,Kyurem (White Kyurem),315,0,0,0,3,0,0,3
646,,Kyurem (Black Kyurem),315,0,3,0,0,0,0,3
647,,Keldeo,261,0,0,0,3,0,0,3
648,,Meloetta (Aria Forme),270,0,0,0,1,1,1,3
648,,Meloetta (Pirouette Forme),270,0,1,1,0,0,1,3
649,,Genesect,270,0,1,0,1,0,1,3
650,,Chespin,63,0,0,1,0,0,0,1
651,,Quilladin,142,0,0,2,0,0,0,2
652,,Chesnaught,239,0,0,3,0,0,0,3
653,,Fennekin,61,0,0,0,1,0,0,1
654,,Braixen,143,0,0,0,2,0,0,2
655,,Delphox,240,0,0,0,3,0,0,3
656,,Froakie,63,0,0,0,0,0,1,1
657,,Frogadier,142,0,0,0,0,0,2,2
658,,Greninja,239,0,0,0,0,0,3,3
658A,,Greninja (Ash-Greninja Form),288,0,0,0,0,0,3,3
659,,Bunnelby,47,0,0,0,0,0,1,1
660,,Diggersby,148,2,0,0,0,0,0,2
661,,Fletchling,56,0,0,0,0,0,1,1
662,,Fletchinder,134,0,0,0,0,0,2,2
663,,Talonflame,175,0,0,0,0,0,3,3
664,,Scatterbug,40,0,0,1,0,0,0,1
665,,Spewpa,75,0,0,2,0,0,0,2
666,,Vivillon,185,1,0,0,1,0,1,3
667,,Litleo,74,0,0,0,1,0,0,1
668,,Pyroar,177,0,0,0,2,0,0,2
669,,Flabébé,61,0,0,0,0,1,0,1
670,,Floette,130,0,0,0,0,2,0,2
671,,Florges,248,0,0,0,0,3,0,3
672,,Skiddo,70,1,0,0,0,0,0,1
673,,Gogoat,186,2,0,0,0,0,0,2
674,,Pancham,70,0,1,0,0,0,0,1
675,,Pangoro,173,0,2,0,0,0,0,2
676,,Furfrou,165,0,0,0,0,0,1,1
677,,Espurr,71,0,0,0,0,0,1,1
678,,Meowstic,163,0,0,0,0,0,2,2
679,,Honedge,65,0,0,1,0,0,0,1
680,,Doublade,157,0,0,2,0,0,0,2
681,,Aegislash (Shield Forme),234,0,0,2,0,1,0,3
681B,,Aegislash (Blade Forme),234,0,2,0,1,0,0,3
682,,Spritzee,68,1,0,0,0,0,0,1
683,,Aromatisse,162,2,0,0,0,0,0,2
684,,Swirlix,68,0,0,1,0,0,0,1
685,,Slurpuff,168,0,0,2,0,0,0,2
686,,Inkay,58,0,1,0,0,0,0,1
687,,Malamar,169,0,2,0,0,0,0,2
688,,Binacle,61,0,1,0,0,0,0,1
689,,Barbaracle,175,0,2,0,0,0,0,2
690,,Skrelp,64,0,0,0,0,1,0,1
691,,Dragalge,173,0,0,0,0,2,0,2
692,,Clauncher,66,0,0,0,1,0,0,1
693,,Clawitzer,100,0,0,0,2,0,0,2
694,,Helioptile,58,0,0,0,0,0,1,1
695,,Heliolisk,168,0,0,0,1,0,1,2
696,,Tyrunt,72,0,1,0,0,0,0,1
697,,Tyrantrum,182,0,2,0,0,0,0,2
698,,Amaura,72,1,0,0,0,0,0,1
699,,Aurorus,104,2,0,0,0,0,0,2
700,,Sylveon,184,0,0,0,0,2,0,2
701,,Hawlucha,175,0,2,0,0,0,0,2
702,,Dedenne,151,0,0,0,0,0,2,2
703,,Carbink,100,0,0,1,0,1,0,2
704,,Goomy,60,0,0,0,0,1,0,1
705,,Sliggoo,158,0,0,0,0,2,0,2
706,,Goodra,270,0,0,0,0,3,0,3
707,,Klefki,165,0,0,1,0,0,0,1
708,,Phantump,62,0,1,0,0,0,0,1
709,,Trevenant,166,0,2,0,0,0,0,2
710,,Pumpkaboo,67,0,0,1,0,0,0,1
711,,Gourgeist,173,0,0,2,0,0,0,2
712,,Bergmite,61,0,0,1,0,0,0,1
713,,Avalugg,180,0,0,2,0,0,0,2
714,,Noibat,49,0,0,0,0,0,1,1
715,,Noivern,187,0,0,0,0,0,2,2
716,,Xerneas,306,3,0,0,0,0,0,3
717,,Yveltal,306,3,0,0,0,0,0,3
718,,Zygarde (50% Forme),270,3,0,0,0,0,0,3
718T,,Zygarde (10% Forme),219,3,0,0,0,0,0,3
718C,,Zygarde (Complete Forme),319,3,0,0,0,0,0,3
719,,Diancie,270,0,0,1,0,2,0,3
719M,,Diancie (Mega Diancie),315,0,0,1,0,2,0,3
720,,Hoopa,270,0,0,0,3,0,0,3
720U,,Hoopa (Hoopa Unbound),306,0,0,0,3,0,0,3
721,,Volcanion,270,0,0,0,3,0,0,3
722,,Rowlet,64,1,0,0,0,0,0,1
723,,Dartrix,147,2,0,0,0,0,0,2
724,,Decidueye,239,0,3,0,0,0,0,3
725,,Litten,64,0,0,0,0,0,1,1
726,,Torracat,147,0,0,0,0,0,2,2
727,,Incineroar,239,0,3,0,0,0,0,3
728,,Popplio,64,0,0,0,1,0,0,1
729,,Brionne,147,0,0,0,2,0,0,2
730,,Primarina,239,0,0,0,3,0,0,3
731,,Pikipek,53,0,1,0,0,0,0,1
732,,Trumbeak,124,0,2,0,0,0,0,2
733,,Toucannon,218,0,3,0,0,0,0,3
734,,Yungoos,51,0,1,0,0,0,0,1
735,,Gumshoos,146,0,2,0,0,0,0,2
736,,Grubbin,60,0,1,0,0,0,0,1
737,,Charjabug,140,0,0,2,0,0,0,2
738,,Vikavolt,225,0,0,0,3,0,0,3
739,,Crabrawler,68,0,1,0,0,0,0,1
740,,Crabominable,167,0,2,0,0,0,0,2
741,,Oricorio,167,0,0,0,2,0,0,2
742,,Cutiefly,61,0,0,0,0,0,1,1
743,,Ribombee,162,0,0,0,0,0,2,2
744,,Rockruff,56,0,1,0,0,0,0,1
745,,Lycanroc,170,0,2,0,0,0,0,2
746,,Wishiwashi (Solo Form),61,1,0,0,0,0,0,1
746Sc,,Wishiwashi (School Form),217,1,0,0,0,0,0,1
747,,Mareanie,61,0,0,1,0,0,0,1
748,,Toxapex,173,0,0,2,0,0,0,2
749,,Mudbray,77,0,1,0,0,0,0,1
750,,Mudsdale,175,0,2,0,0,0,0,2
751,,Dewpider,54,0,0,0,0,1,0,1
752,,Araquanid,159,0,0,0,0,2,0,2
753,,Fomantis,50,0,1,0,0,0,0,1
754,,Lurantis,168,0,2,0,0,0,0,2
755,,Morelull,57,0,0,0,0,1,0,1
756,,Shiinotic,142,0,0,0,0,2,0,2
757,,Salandit,64,0,0,0,0,0,1,1
758,,Salazzle,168,0,0,0,0,0,2,2
759,,Stufful,68,0,1,0,0,0,0,1
760,,Bewear,175,0,2,0,0,0,0,2
761,,Bounsweet,42,1,0,0,0,0,0,1
762,,Steenee,102,0,0,0,0,0,2,2
763,,Tsareena,230,0,3,0,0,0,0,3
764,,Comfey,170,0,0,0,0,2,0,2
765,,Oranguru,172,0,0,0,0,2,0,2
766,,Passimian,172,0,2,0,0,0,0,2
767,,Wimpod,46,0,0,0,0,0,1,1
768,,Golisopod,186,0,0,2,0,0,0,2
769,,Sandygast,64,0,0,1,0,0,0,1
770,,Palossand,168,0,0,2,0,0,0,2
771,,Pyukumuku,144,0,0,0,0,2,0,2
772,,Type: Null,107,2,0,0,0,0,0,2
773,,Silvally,257*,3,0,0,0,0,0,3
774,,Minior (Meteor Form),154,0,0,1,0,1,0,2
774R,,Minior (Red Core),175,0,1,0,1,0,0,2
774O,,Minior (Orange Core),175,0,1,0,1,0,0,2
774Y,,Minior (Yellow Core),175,0,1,0,1,0,0,2
774G,,Minior (Green Core),175,0,1,0,1,0,0,2
774B,,Minior (Blue Core),175,0,1,0,1,0,0,2
774I,,Minior (Indigo Core),175,0,1,0,1,0,0,2
774V,,Minior (Violet Core),175,0,1,0,1,0,0,2
775,,Komala,168,0,2,0,0,0,0,2
776,,Turtonator,170,0,0,2,0,0,0,2
777,,Togedemaru,152,0,2,0,0,0,0,2
778,,Mimikyu,167,0,0,0,0,2,0,2
779,,Bruxish,166,0,2,0,0,0,0,2
780,,Drampa,170,0,0,0,2,0,0,2
781,,Dhelmise,181,0,2,0,0,0,0,2
782,,Jangmo-o,60,0,0,1,0,0,0,1
783,,Hakamo-o,147,0,0,2,0,0,0,2
784,,Kommo-o,270,0,0,3,0,0,0,3
785,,Tapu Koko,257*,0,0,0,0,0,3,3
786,,Tapu Lele,257*,0,0,0,3,0,0,3
787,,Tapu Bulu,257*,0,3,0,0,0,0,3
788,,Tapu Fini,257*,0,0,0,0,3,0,3
789,,Cosmog,40,1,0,0,0,0,0,1
790,,Cosmoem,140*,0,0,1,0,1,0,2
791,,Solgaleo,306*,0,3,0,0,0,0,3
792,,Lunala,306*,0,0,0,3,0,0,3
793,,Nihilego,257*,0,0,0,0,3,0,3
794,,Buzzwole,257*,0,1,2,0,0,0,3
795,,Pheromosa,257*,0,0,0,0,0,3,3
796,,Xurkitree,257*,0,0,0,3,0,0,3
797,,Celesteela,257*,0,1,1,1,0,0,3
798,,Kartana,257*,0,3,0,0,0,0,3
799,,Guzzlord,257*,3,0,0,0,0,0,3
800,,Necrozma,270*,0,1,0,2,0,0,3
800DM,,Necrozma (Dusk Mane),306,0,3,0,0,0,0,3
800DW,,Necrozma (Dawn Wings),306,0,0,0,3,0,0,3
800U,,Necrozma (Ultra Necrozma),339,0,1,0,1,0,1,3
801,,Magearna,270*,0,0,0,3,0,0,3
802,,Marshadow,270*,0,2,0,0,0,1,3
803,,Poipole,189,0,0,0,0,0,1,1
804,,Naganadel,243,0,0,0,3,0,0,3
805,,Stakataka,257,0,0,3,0,0,0,3
806,,Blacephalon,257,0,0,0,3,0,0,3
807,,Zeraora,270,0,0,0,0,0,3,3
808,,Meltan,135,0,1,0,0,0,0,1
809,,Melmetal,270,0,3,0,0,0,0,3